first_name,last_name,age,salary
Germaine,Gwilliams,29,3249
Joaquin,Cheasman,26,4332
Alfredo,McGrane,44,2423
Heinrick,Cowitz,33,1762
Adelind,Velden,63,2822
Hoebart,Rossander,41,2173
Courtnay,Dudderidge,21,1777
Herold,Beney,33,2611
Ynes,Jahner,44,3291
Alfy,Iacopo,64,3635
Padget,Ambrus,38,2937
Byron,Bynert,39,3142
Moses,Izatt,60,3585
Honoria,Blaxill,56,1968
Fay,Fenby,65,3755
Angie,Benoist,52,4314
Tilly,Reinmar,26,1919
Cleopatra,Beetham,65,3321
Terza,Pottiphar,19,1939
Tarrah,Bycraft,59,4252
L;urette,Boomes,48,2566
Dulcea,Krabbe,18,2319
Hal,Jelkes,29,3825
Kandace,Rudgard,38,2962
Booth,Arons,39,2670
Gabe,Probart,20,4422
Maje,Scudder,62,3461
Garek,Cosham,46,1947
Brook,Polkinghorne,23,4467
Delbert,Klee,53,2929
Renaldo,Cluckie,24,2535
Zackariah,Smye,27,1667
Nelia,Bettis,64,2115
Izzy,Brookesbie,34,2029
Bonni,Stolting,34,2839
Helsa,Ibbott,23,4227
Rebekkah,Schmidt,28,2507
Kenyon,Andrys,39,2939
Kissie,Roistone,29,3013
Elisha,Mughal,46,2134
Lorilee,Lamyman,46,2235
Zelda,Andriveau,50,4370
Farica,Husher,18,3446
Dur,Lindelof,30,3013
Reginald,Ossulton,50,2913
Karmen,Eyrl,54,4483
Myca,Koenraad,55,3265
Jillie,Patkin,65,3762
Avril,Denniss,43,2232
Brennen,Roser,27,4271
Theodore,Andriveau,60,4247
Leilah,Jime,21,2321
Rouvin,McKimmie,27,3074
Rudolfo,Clewett,24,3476
Raff,Capini,52,2194
Artemis,Buey,52,3779
Nessi,Bettison,39,3595
Bellanca,Ropking,42,2408
Helen,Simic,58,2579
Rocky,Whitters,61,2474
Bernette,Boodell,20,1979
Raffaello,Bedborough,29,4216
Morty,Olfert,41,2203
Karia,Divisek,60,2348
Daria,Boatright,51,2431
Ted,Francecione,57,3539
Jereme,Germann,27,2163
Godiva,Caras,36,4105
Ingelbert,Goadby,46,3212
Bambi,Sneden,45,4465
Winn,Zannini,52,1777
Israel,Janisson,55,3403
Leslie,McBlain,24,3148
Mackenzie,Fermin,44,2148
Abrahan,Farfull,64,2722
Petronia,Benfell,18,2366
Shaughn,Berntsson,42,1762
Ruby,Lorincz,31,3500
Kaye,Hafford,37,3520
Darren,Sailer,40,4016
Madelle,Antrim,58,4375
Mab,Gioan,56,3515
Che,Nutton,28,3485
Johnette,Henriquet,18,3033
Oswald,Brandin,47,3220
Mufinella,Gegg,31,2420
Toma,Priestnall,62,2994
Gennifer,Feehan,18,3233
Maynord,Rego,44,3655
Ginnifer,Harries,62,1847
Shandra,Mouser,32,2236
Garfield,Steddall,29,2905
Margaret,Swepstone,64,4156
Bud,Pods,39,4288
Katina,Classen,26,2793
Blythe,Steventon,43,1691
Biddy,Barnaby,65,2196
Adriana,Gathwaite,29,4181
Tremain,Boch,45,1695
Lucy,O'Lunney,47,3245
Callean,Hessentaler,34,3204
Grier,McKenny,49,3652
Augie,Tellett,23,2419
Daphna,McNalley,29,3972
Virginie,Raithbie,42,4399
Tiphany,Pohlke,47,3324
Octavia,Ricket,32,4143
Roland,Falkous,50,2675
Sydel,Colenutt,58,2453
Maynard,Durnell,47,2422
Stillmann,Blaydes,35,3382
Aviva,Buss,33,3633
Vin,Cobby,51,2400
Chaim,Poetz,39,3604
Stacey,Smitton,37,4448
Asa,Lowsely,33,2954
Georgine,Lamar,61,2278
Irwinn,Risley,35,2530
Therine,Folger,40,1897
Inessa,Peyton,26,3850
Pierette,Eskrick,22,2458
Tannie,Sarfat,24,3191
Estrellita,Cabena,37,1884
Maryrose,O'Doghesty,53,3610
Aggi,Bleiman,27,3844
Chris,Lorans,48,3887
Lissa,Brunsden,56,2497
Alethea,Harnell,37,3639
Gretal,Seabon,27,2886
Rana,Cristofolo,36,4374
Waly,Arnaez,49,3642
Helenka,Southway,51,3984
Marti,Goulbourn,60,3784
Hillyer,Milkin,34,1974
Sandy,Haysey,58,3525
Theo,Rivett,58,3054
Angelle,Worsell,48,3275
Bartholomew,Sheber,24,4329
Coletta,Jeannot,44,3149
Emery,Kreber,47,4217
Anthea,Velden,36,4314
Cassondra,Wherry,26,3350
Livy,Magill,28,2408
Brenden,Bertot,48,3711
Garner,Comfort,46,1991
Fonz,Meffen,41,3454
Marthe,Hethron,18,2338
Lezley,Casazza,65,1805
Beniamino,Colicot,34,2884
Missy,Beaumont,42,2674
Caro,Guinane,59,1855
Felita,Backes,60,3928
Norris,Mancer,22,2339
Caresse,Kilduff,64,1861
Rolland,Sighart,55,1808
Krystalle,Satchell,53,3272
Bettina,Vidineev,22,1724
Spense,Seago,39,3503
Ceciley,Siflet,27,4215
Stevie,Povele,22,2881
Perren,Eliot,31,4238
Ivette,Raun,40,3239
Ginger,Bollans,41,2728
Ferrel,Ellicott,47,2797
Martyn,Dorro,59,3630
Michael,Whopples,41,1919
Lanae,Duffil,64,3212
Renard,Edgehill,18,3648
Onfroi,Latan,54,4453
Joete,Pedro,36,3595
Car,Labbati,63,3556
Glynda,Kimbrey,38,3503
Tate,Gallaher,52,2493
Aubine,Episcopi,32,3041
Randolph,Reeks,42,3549
Esteban,Traite,41,2973
Bronnie,Sinkings,58,3552
Corty,Coltan,42,1706
Phillie,Philbin,59,3269
Witty,Kleinstein,19,4238
Jesse,Lunny,45,2495
Jessie,Seccombe,30,3909
Joseph,Broomhead,60,4077
Dalton,Maestro,33,1802
Carlen,Sleeman,56,2986
Andres,Alessandrucci,21,2530
Valerie,Noblett,51,1698
Davie,Mahon,21,4416
Monro,Pakenham,19,3331
Veradis,Vasquez,25,3358
Darius,Dowrey,24,2861
Janine,Killick,24,3897
Nate,Blindermann,41,3578
Gerhard,Hully,41,3896
Ber,Tuxsell,52,2379
Klaus,Simionato,56,2720
Morganne,Toon,44,2597
Lauryn,Hudless,60,2343
Rickie,Drinkwater,31,1898
Benji,Sperski,18,3933
Johna,Bellhouse,52,2079
Susann,Lerohan,27,2427
Juana,Balharry,22,2506
Ruggiero,Jeratt,48,3063
Carissa,Pessler,30,4191
Bartholomeo,Spenclay,23,2246
Conney,Whittle,19,1903
Taryn,Barkhouse,20,3747
Delmar,Ring,34,3247
Meredith,Vahey,31,3863
Lavinia,Wafer,35,1925
Ninnette,Klemenz,20,3595
Meg,Viggars,40,3615
Fred,Kelley,39,4223
Ara,Llewellen,20,4049
Lynn,Slot,25,4181
Melissa,Demangeot,23,2848
Oren,Arman,49,2155
Conni,Robjents,29,3117
Sheena,Nyssen,46,2706
Shae,Sutton,23,3969
Bernardine,Tuke,60,2330
Annadiane,Cristofolini,59,3413
Cornie,Playford,18,3006
Hilario,Seares,41,3022
Livvyy,Baggelley,62,2519
Morgan,Chedzoy,39,2864
Ignaz,Lyptrit,23,2505
Web,Gromley,43,4347
Ange,Loghan,46,3244
Rockey,Heugh,34,1828
Torrey,Frary,62,2759
Derby,Worrill,18,2129
Elisha,O'Hoolahan,62,3782
Josephina,Scintsbury,23,4447
Agnola,Becarra,55,1883
Sibyl,Dinsmore,63,2434
Horacio,De Witt,61,3959
Marcello,Bachshell,24,1747
Perceval,Drowsfield,62,2439
Flin,Lewzey,57,3436
Amandi,Minguet,63,1973
Gerrie,Gile,46,3322
Michel,Britten,24,4173
Charmian,Moorcraft,63,3875
Hatty,Ainley,55,2574
Nye,Larmor,18,2539
Fiona,Penbarthy,34,2455
Jere,Hake,59,2551
Marlie,Feldstein,52,2021
Kincaid,Triswell,38,2833
Myca,Machin,58,4410
Bo,Harteley,64,4418
Goldi,Duddle,43,2952
Idelle,Eschalette,20,3481
Ciro,Masham,63,2640
Tabbie,Premble,23,3605
Henryetta,Bramford,27,1869
Annice,Myrkus,58,3522
Jecho,Brabon,46,2637
Gretna,Ravenscroft,45,4159
Brnaby,Winsome,20,3325
Jillayne,Chelley,52,3256
Terrence,Sabatier,54,3999
Fowler,Footer,23,3759
Iago,Dannett,30,3460
Kimberley,Yeiles,24,3571
Mina,Rattrie,59,2490
Willabella,Sazio,51,3602
Rees,Brome,64,3084
Simonne,McIlroy,62,1848
Loralie,Ventum,41,3151
Peter,Kilford,38,3055
Curran,Rigate,38,1667
Boris,Kinavan,64,2960
Shel,Jenny,63,3831
Donnell,McPhate,54,2780
Ikey,Flay,37,4205
Edik,Isgar,62,2263
Jere,Aish,19,2684
Aindrea,Antcliff,40,3902
Dugald,Drife,26,3787
Nata,Genicke,18,2164
Benson,Baden,25,2032
Sigismond,Cowcha,40,4059
Delila,Bostick,23,3771
Win,Skeldinge,38,2616
Camile,Craythorne,43,2620
Giacopo,Loftie,63,1977
Chastity,Jefferd,25,4158
Merrel,Purviss,50,2572
Esmaria,Summerill,50,2126
Electra,Eggar,45,3362
Rickert,World,18,3581
Lewiss,Tather,59,3671
Madelin,Busfield,36,2151
Isabel,Torry,36,3879
Rosina,McGreil,52,3813
Valentin,Weber,21,4370
Abbi,Trace,62,1830
Olympie,O'Dare,63,2398
Carmine,Vouls,42,1832
Hubey,Kabos,32,2649
Simona,Gambell,55,3571
Jordan,Reggiani,37,3557
Rosamond,Klement,64,3975
Gae,Pickworth,52,2417
Robbie,Carlon,39,2973
Harp,McNiff,40,3587
Zach,Shillingford,37,3201
Fanni,Van Salzberger,63,2245
Desdemona,Middlemass,58,3868
Drona,Brassill,59,3657
Dukie,Cathcart,45,3683
Chad,Leagas,24,2201
Charmane,Light,63,2370
Marysa,Sifleet,52,2557
Astra,Ravenhill,28,4120
Barde,Byneth,32,3641
Magnum,Hamfleet,57,3944
Liuka,Edensor,42,4332
Camel,Illiston,40,3099
Cora,Roberti,23,3690
Liane,Haywood,59,2007
Glenden,Meddows,32,2887
Juli,Tippin,59,2270
Luciana,Tibbotts,30,2574
Lenora,Cristofari,20,2340
Teodorico,Matteotti,49,2278
Sullivan,Michelle,62,2104
Aundrea,Angelo,55,3807
Tedman,Fiddy,56,1967
Poul,Christal,29,3031
Bernita,Biddle,29,4355
Christiano,Torra,33,3212
Ellis,Whitworth,57,3735
Malory,Elener,46,4343
Aile,Winskill,23,4412
Juanita,McGrae,36,4045
Yard,McKeighen,37,2962
Jaimie,Allworthy,64,1762
Ursulina,Burr,42,3541
Northrup,Nangle,48,3014
Eloise,Leas,63,2013
Gianna,Pruckner,35,2764
Jamill,Lanigan,34,2618
Linea,Rennels,33,3904
Olive,Woodruffe,22,4206
Nance,Masse,26,3584
Philomena,Laverenz,23,3034
Corrina,Durham,32,1896
Leonhard,Benion,32,2566
Paolo,Bartalot,65,4420
Hedwig,Stolberger,34,1999
Hobard,McGurk,63,3162
Merell,Valentine,21,2275
Madonna,Renish,56,3835
Trenna,Branchett,20,1886
Stefano,Tendahl,21,3588
Kip,Ferrelli,50,2006
Yves,Tearny,43,2285
Emmi,Roseby,33,1972
Glori,Braunthal,49,1981
Andriette,Coultar,23,3492
Agnes,Talloe,46,4211
Zonnya,Farington,59,3838
Marion,Draijer,30,3122
Britta,Simister,31,2321
Lilas,Zupone,53,4391
Vittoria,Sinclar,59,2156
Norton,Epsley,24,4009
Elliott,Yosselevitch,30,2728
Carlye,Geare,29,3864
Sharia,Wherry,51,3312
Rozella,Prest,20,4481
Ansell,Leadbeater,65,3879
Nicoline,Clineck,48,2111
Ania,Iacoboni,52,2473
Marita,Marconi,18,2596
Jeth,Erratt,25,2415
Finlay,Bemment,35,3879
Lori,Double,33,3379
Minne,Keeley,62,1687
Kevin,Deinhardt,59,3337
Fanchette,Orum,48,3697
Hinze,Nusche,49,2063
Sherline,Shapera,54,2866
Mora,Kemmis,26,2892
Crosby,Persence,47,2451
Shaine,Pescud,22,1942
Elsinore,Piborn,53,3766
Chrotoem,Keinrat,28,3612
Nefen,Thoumasson,60,4496
Cecilla,Stutard,39,1868
Urson,Deboy,36,2310
Angelo,Scurlock,57,3409
Aura,Dodimead,60,3666
Korey,Eakle,62,4319
Rafaelita,Bannon,47,4283
Dacie,Cayford,27,2693
Thibaut,Birtles,21,2045
Haven,Wooton,47,4094
Tommy,Merryweather,25,4440
Ardeen,Gahan,53,2488
Janene,Sommerlin,40,1689
Westbrook,Percival,20,2031
Hasty,Udell,22,1824
Pierre,Gerard,49,3791
Swen,Fieldhouse,34,3221
Westbrook,Elion,28,4210
Arlie,Spelman,40,2079
Timmy,Olech,33,3360
Duffie,Santoro,51,1925
Holmes,Grumbridge,37,1688
Bard,Schneidau,47,1686
Hildegaard,Nelissen,32,3175
Rabi,Conrart,31,3655
Piggy,St. Pierre,41,2189
Ania,Clardge,31,2098
Neila,Chilver,60,3852
Cody,Head,28,3333
Xenia,Towsey,45,2069
Tabitha,Mignot,41,2230
Norine,Quilkin,56,1838
Francois,Dauney,43,3290
Chane,Loftus,46,4250
Lucias,McGahey,60,1975
Darwin,Gavagan,18,2568
Ida,Lochrie,28,3593
Isidore,Bugbee,54,2195
Pet,Caddens,42,4121
Stephana,Prantoni,37,4043
Jermaine,Oldford,53,4321
Sullivan,Hubback,47,4161
Marleah,Ibotson,29,2138
Cad,Abels,27,2414
Elmira,Dabes,49,3879
Jamesy,Grishmanov,51,4206
Corine,Gooday,60,2375
Gnni,Macias,63,2253
Deidre,Sagg,28,1907
Megen,Filippyev,48,3285
Alikee,Wendover,19,3724
Jacqueline,Rieme,39,2197
Krystalle,Samter,37,3529
Tillie,Matushenko,65,2300
Rani,Croall,58,4173
Tommi,Waterfall,50,2129
Monty,De Rechter,31,2535
Roland,Reder,24,2680
Artie,Birchenhead,39,1956
Job,Skrine,46,2208
Ursuline,Burrill,59,2686
Maye,Tincombe,52,3488
Keelia,Arnoult,54,2439
Alasdair,Thresher,18,4213
Pietra,Boyford,35,2988
Wallace,Hilldrup,45,4479
Valaria,Olkowicz,49,2658
Dollie,Bilby,62,1727
Juieta,Eykel,39,3848
Dario,Mayfield,43,2319
Anselma,Verlinde,22,3121
Kermit,Bovey,31,3556
Latrina,Stit,40,3355
Bernette,Cutchee,31,4322
Sheilah,Huckfield,40,4435
Modestia,Martinot,57,4051
Godard,Adshad,44,2750
Kile,Benez,33,2366
Odelle,Fassam,23,2121
Averill,Decourt,35,3514
Brandon,Broschke,23,3695
Vernen,Fisher,19,1704
Isaiah,Tunnadine,49,1745
Marthena,Gobourn,42,2174
Padraig,Snassell,35,3838
Dulciana,Mourant,30,3077
Putnem,Warin,61,2220
Manolo,Olphert,43,4016
Sean,Copes,34,3312
Norman,Preator,19,4450
Antonius,Yeude,27,2187
Jessi,Epilet,29,2001
Meredithe,McNeilly,60,4036
Jaime,Angell,19,3098
Staffard,Yanov,38,3413
Dasie,Tarry,24,3664
Abby,Arnall,21,3250
Aile,Iskov,37,2006
Olly,Tompion,60,2260
Borden,Boost,50,2178
Adriena,Routh,64,3729
Pearl,Magor,18,2357
Frank,MacAne,46,1790
Claudette,Hadlow,54,1922
Elwin,Halfhide,41,3399
Eileen,Sill,20,4083
Ruth,Kubach,65,4150
Reidar,Feveryear,60,3122
Jereme,Northall,34,4303
Cordie,Pine,43,2348
Esmaria,Heustace,29,3076
Hanny,Hrycek,46,2304
Lucila,McElvogue,31,4195
Arne,Malham,35,3576
Klemens,Maben,53,1916
Olympe,Pomery,56,1927
Janifer,Reneke,28,1848
Eachelle,Bartoloma,40,4492
Chaim,Nekrews,55,2426
Vinni,Brewster,40,3743
Arv,Trace,40,3020
Fawnia,Ashmore,46,4058
Denny,Aubin,58,4254
Arnaldo,Clarycott,20,2087
Wilhelm,Shann,18,4454
Sophey,Hunnisett,39,1768
Alfreda,Wylam,55,4458
Damara,Dent,18,2483
Mildred,Huffadine,57,2504
Tadeo,Stimpson,19,2381
Davita,Clethro,39,2919
Terri,Boddington,63,2733
Maude,Zammett,44,3908
Gordan,Littledike,34,3091
Steward,Caitlin,65,3804
Scotti,Bamfield,32,4194
Charlton,Elsmore,53,2776
Samaria,Recke,51,2536
Xerxes,Rowles,24,2310
Therine,Penella,25,3135
Rodina,Simonnet,43,3131
Carri,Fuller,22,2947
Cecelia,Dedney,57,4307
Melodie,Brennan,23,3220
Margareta,Bleasdale,54,3910
Pat,Poundford,51,2961
Edith,Kender,22,3898
Tarrah,Eteen,63,3446
Innis,Dovidaitis,30,3432
Tatiania,Bremond,58,3918
Hal,Hullin,31,3303
Charley,Brugemann,62,1903
Galvan,Wilderspoon,39,4312
Nev,Vassman,44,3885
Ilyse,Caillou,52,4093
Audrey,Mayers,54,2613
Nicki,Phippard,46,3066
Ambrosius,Coppock.,25,3079
Terza,Casol,47,2424
Robin,Cornborough,38,1719
Valentine,Fawdry,52,2685
Trix,MacRanald,51,2206
Gertrude,Henken,35,2735
Dotty,Sarle,52,2765
Cami,Boyles,50,2335
Fallon,Gudyer,52,1850
Corenda,Helin,50,2925
Franklin,Garrison,35,1863
Derwin,Whyler,18,3906
Grove,Jouhan,61,2130
Reena,Hewson,59,2399
Minny,Dolan,23,4105
Emylee,Hartil,41,3628
Les,Yakebovich,28,2334
Sabine,Fanton,34,3821
Ernestine,Wetter,54,3959
Parke,Clohissy,31,1779
Stavros,Willmot,63,3235
Grete,Blenkinsop,61,2643
Hetty,Robbey,59,2860
Siouxie,Lanfer,47,3245
Bing,Teligin,53,3203
Rhetta,Neilson,60,3194
Yuma,Unstead,18,2690
Rozamond,Medmore,60,2416
Gwenette,Solano,37,4346
Germayne,Goodlud,47,1883
Brana,Tollady,56,3706
Louie,Crookshank,30,3336
Fitz,Havercroft,46,4427
Erinna,Vasilenko,30,3633
Matty,Schulze,47,4379
Suzie,Bowfin,61,3469
Berk,Markel,58,2103
Brendon,Thornber,41,4486
Zena,Spittall,64,2921
Sidonnie,Denington,30,1688
Jemmie,Raywood,29,2908
Gunner,Top,42,1791
Noah,Rhodef,19,4054
Neville,Sadat,64,2515
Bridie,Manzell,32,4482
Breena,Shower,26,3026
Les,Bloxham,41,3974
Noah,Reeder,21,3257
Leese,Jeans,65,2132
Janie,Kausche,58,2669
Filmore,Pina,48,3289
Sheila,Wintringham,62,3384
Riannon,Gittings,32,3355
Clerkclaude,Yukhin,25,1754
Kirbie,Allsworth,36,2134
Aurelie,Kesterton,31,4411
Gayla,Holdall,52,2224
Burke,McAndrew,40,3211
Raychel,Poe,22,2342
Kellia,Bocking,59,3532
Jaine,Hovard,19,2348
Anne,De Domenici,36,2360
Lotte,Anglin,35,2918
Letitia,Chagg,65,2952
Dore,Finlry,37,4231
Derrik,Le Houx,55,1935
Jenica,Balhatchet,41,3929
Monica,O'Shevlan,65,3741
Cherida,Trencher,61,3937
Petey,Jennison,44,2333
Shadow,Gouldie,20,4106
Karoline,Chinnock,44,3449
Thurstan,Osgar,21,3692
Wildon,Bavister,22,2473
Matias,Plitz,35,2529
Pavla,Clemenzi,46,2196
Ardeen,Galilee,62,3069
Emelda,Vellacott,44,2116
Roi,Dempster,52,3879
Rodolph,Nichol,29,3507
Nikolai,Litherland,38,3853
Currey,Pottinger,62,3909
Budd,Rozea,64,3022
Aldridge,Pelchat,61,2157
Jamison,Emmer,51,1799
Care,Gillivrie,29,3064
Harriott,Garrard,31,1838
Bradley,Mitcham,63,3240
Jessie,Meak,39,3312
Farah,Gjerde,38,1723
Starlin,Weth,42,1879
Bradford,Rainsden,65,2487
Alwin,Carse,59,3952
Madella,Petasch,18,3519
Tate,Olohan,60,3742
Isidora,Wolledge,39,3595
Chandler,Baulcombe,34,2851
Piotr,Mehew,24,2365
Haslett,Leek,37,1668
Cheston,Tyne,32,2292
Matelda,Strickett,62,4337
Pembroke,Spacy,21,4307
Timothea,Eldon,41,3708
Lia,Zeal,54,3125
Rance,Breitler,28,2627
Starlin,Sturgess,59,3771
Pearle,Oxborrow,57,2318
Moyna,Diack,26,1814
Wilek,Jellett,60,4197
Bonny,De Goey,47,2188
Finlay,Rolston,25,1918
Mattie,Matityahu,55,4077
Wilone,Bownass,37,3519
Doralyn,Tollow,46,3618
Averil,Money,28,2179
Berget,Ogilvy,23,4040
Ethelda,Djordjevic,24,1993
Leontine,Pagen,56,1728
Petey,Ralls,20,3603
Mehetabel,Benge,19,4173
Agnola,Manuele,61,2158
Neils,Bennett,65,3797
Fons,MacClenan,60,2360
Ronny,Keeton,38,2839
Erna,Reeson,24,2967
Devlen,McLucas,55,1786
Donovan,Thies,60,4265
Carol-jean,Nardrup,25,3997
Misty,Cusiter,47,2780
Natalie,Abram,33,1958
Brnaby,Vondrys,23,4177
Pyotr,Jahn,59,3491
Cosme,Curl,63,2734
Morgana,Ashfield,30,4233
Sharline,Huccaby,54,4201
Sauveur,Wiles,54,3970
Antonino,Goneau,52,3403
Trixie,Beddon,31,2626
Nani,Felton,63,1781
Culley,Pitrasso,62,4042
Vilhelmina,Huggard,38,2026
Camellia,Ravenhills,42,1954
Quincy,Vinecombe,31,2049
Ty,Mannock,43,3096
Barrett,Mateuszczyk,32,3842
Tabbie,Pettingall,39,3368
Elwyn,Osbaldstone,42,1713
Odille,Polland,56,4088
Basia,Masurel,64,3078
Johnathan,Menicomb,54,1760
Hew,Lyddon,24,2929
Kai,Sasser,31,3292
Kalle,Ghione,43,2632
Garek,Shernock,41,2402
Babette,Chazotte,59,2942
Estelle,Lukasen,52,3686
Nydia,Terbruggen,58,3206
Beret,Bownes,37,2905
Andriette,Myner,35,2564
Peirce,Novelli,48,2833
Ninnette,Parzis,54,3308
Lorrin,Pirt,55,4344
Cleon,Apark,57,2900
Antonius,Perello,44,3807
Wilone,Boater,18,2650
Chelsey,Skermer,40,2546
Sella,Ruddell,27,2422
Ardath,Lube,64,2987
Chrissie,Bent,63,3115
Rodina,Sazio,33,3216
Tobe,Evemy,34,2444
Channa,Greschke,46,2531
Lindy,Ainsby,29,3544
Merrili,Zecchi,42,3723
Jabez,Klimko,36,2869
Ofella,Harbert,26,1693
Winthrop,Elloway,33,2211
Bing,Bricksey,49,3668
Augusta,Morphey,47,3158
Gaspard,Degoe,48,1727
Christyna,Thynne,51,3273
Gerald,McMennum,31,3646
Valera,Botwood,42,3282
Alexandre,Pingstone,49,2350
Base,Dunseath,28,1913
Bink,Crumpton,35,4451
Andrey,Duns,28,4227
Abbey,Clemanceau,60,1740
Edith,Clair,55,2713
Oran,Dewer,35,4128
Terri,Hulbert,22,2470
Eb,Laverenz,59,2500
Clotilda,Wratten,53,2182
Margette,Quiddington,19,1851
Harlin,Gounin,41,2274
Ediva,Marsden,47,3736
Dolores,Saffer,35,1787
North,Slimm,25,3030
Sigismondo,Hefferon,40,3110
Shalom,Grossman,54,3141
Kandy,Llewelly,59,3192
Allina,Shevlin,54,3105
Sean,Habron,33,4284
Jo-ann,Chamberlayne,27,4442
Alvin,Diviny,64,3124
Beverly,Ferrai,61,3733
Cordey,Brasier,26,2235
Brendon,Cornelis,45,2882
Rey,Navein,33,2104
Bobby,Berrycloth,50,3876
Drusilla,Yurchenko,47,2929
Mohammed,Soro,48,2112
Olivette,Kynman,23,4385
Ethelbert,Skeggs,35,1745
Walden,Ducker,19,2127
Spence,Clackson,41,3017
Jeth,Aiken,34,2017
Roxy,Lacroix,25,3056
Dannel,Gambrell,60,4444
Towney,Cuddihy,54,1779
Leon,Josipovitz,52,3008
Ike,Slatter,61,2547
Gennie,Donkersley,55,2299
Arleen,Langcaster,32,3138
Amara,Dunsire,25,2971
Winny,Mussared,19,3403
Carri,Lubbock,21,3599
Milt,Aberdalgy,24,2506
Hewe,Chesters,59,3113
Dell,Stockhill,25,4079
Philomena,Quayle,24,1719
Casey,Crickmoor,36,2714
Johnna,Ridgewell,44,2717
Eustacia,Kiddie,44,1934
Emerson,Rothery,47,2717
Adiana,McCarter,26,4179
Titos,O'Hern,30,3035
Yancey,Emmer,31,1857
Kendal,Berrington,37,1720
Sena,Fidge,63,3396
Gloria,Jahnel,46,4279
Katharyn,Maytom,18,1907
Emogene,Strowlger,60,1924
Vitia,Pre,38,1727
Alvan,Hew,24,2237
Ellynn,Danzig,29,4421
Bancroft,Bloxholm,62,4398
Shina,Szantho,52,3311
Maryann,Gosden,62,3704
Colby,Mearns,40,2906
Salli,Stephens,33,4150
Kata,Treslove,22,2294
Correna,Deener,40,2421
Brooke,Warnes,59,3237
Sayer,Swaddle,65,4470
Bartram,McMennum,49,4389
Sharona,Hopkins,53,3661
Shayne,Quadling,37,2398
Piper,Christmas,35,4151
Baldwin,Medford,43,2707
Petronia,Glastonbury,32,3899
Tori,Bocken,31,3404
Madeline,Rivaland,33,3158
Percival,Stithe,51,2688
Averyl,Murtagh,37,2948
Myrwyn,Pietrasik,29,2645
Veronika,Uglow,23,4048
Timmi,Dassindale,27,4328
Lorelei,Morrel,43,2273
Tory,Slay,37,2711
Izabel,Sparks,56,3157
Lorrie,Aronov,26,3336
Teodorico,Stelljes,44,3423
Tiphanie,Keilloh,65,2664
Lynn,Beningfield,19,2815
Viv,Gandy,32,2692
Hermia,Harmston,48,2515
Adrian,McKernon,40,1858
Othello,Petchell,55,2959
Cortie,Billyard,42,3379
Marilyn,Nassi,44,2803
Hailey,Gilliat,19,3203
Marcel,Merman,21,4026
Jeremiah,Leyes,35,4311
Felicity,Linggood,42,2532
Lewie,Ughini,45,1906
Sonya,Albro,64,2186
Colline,Varah,43,3861
Ralina,Del Dello,49,3161
Sigmund,Urch,23,3475
Julietta,Renac,40,4388
Jase,Dowson,42,2614
Letta,Ebbins,21,3097
Phillip,Rogers,30,3206
Lissi,Beccles,44,1851
Sada,Jahncke,52,2869
Theresina,Lerego,33,2296
Tabbi,Sallarie,22,2726
Gratia,Gingel,65,1957
Charissa,Laherty,55,4073
Skyler,Ancketill,37,3016
Gregoor,Debney,63,3474
Coralie,Norcock,27,1769
Opal,Marusyak,38,2783
Daniele,Trunkfield,26,1759
Swen,Olley,18,2645
Mariel,Blayney,49,2208
Rosemarie,Leneve,56,3160
Barn,Randles,26,2508
Rosco,Hidderley,23,2058
Melisande,McCafferty,61,3218
Garreth,Marlow,36,3473
Bonnie,Shovlar,49,3068
Leontyne,Jorat,28,2490
Aldwin,Stivani,44,3013
Thain,Stemson,55,4027
Kristopher,Goodlake,35,2877
Elden,Stonier,63,2012
Vale,Jendas,23,2427
Hobie,Adame,28,1852
Rozele,Leborgne,34,2278
Ede,Froom,25,4093
Wallis,Lipgens,48,4055
Mariya,Panner,28,3644
Holly,Thomen,44,2114
Flynn,Woosnam,64,3086
Annie,Carthew,53,2987
Hope,Spick,41,3015
Heather,Crenshaw,34,4096
Kerwinn,Fullegar,31,4258
Hewe,Hanby,24,2609
Joella,Leveret,45,4197
Carlen,Notton,27,1834
Lilith,McAteer,59,4367
Nollie,Crosskill,52,4047
Winny,Brader,57,2145
Corrie,Dryden,23,3677
Olivia,Collens,31,2145
Trude,Cribbins,35,3622
Micky,Gerling,52,3650
Shalna,Prujean,19,2504
Klaus,Buey,42,1979
Deb,Hintzer,31,2078
Vanna,Reinhart,19,3839
Maurits,Alison,45,3299
Alair,Feighney,23,3019
Leisha,Iveagh,38,3550
Mireielle,Eyton,30,3136
Allissa,Mewrcik,42,2703
Mackenzie,Grange,27,3080
Torrance,Durant,29,1671
Maire,Blackborne,44,1893
Amble,Wickenden,22,3362
Tuesday,Anfonsi,61,3730
Kent,Faiers,42,3941
Janka,Winser,37,3906
Pieter,Yersin,21,2002
Lynea,Trainor,59,2981
Guendolen,Lyttle,54,3325
Sam,Hurdman,46,4292
Cherice,Blore,45,3382
Marilin,Aronstein,27,3967
Nappy,Giraudoux,48,2107
Ugo,McKelvie,54,4206
Marin,Borg-Bartolo,23,4168
Janela,Kezor,48,3452
Kassie,Millins,38,4079
Lotte,Guisby,31,3960
Mariya,Trymme,20,2807
Fanchon,Loffel,29,4386
Royal,Baden,38,3077
Chrysa,Erswell,20,4049
Beret,Taunton,53,3913
Cathie,Tredger,25,2996
Alexio,Beddall,30,4399
Hillyer,Mcasparan,23,1773
Berkley,Duffil,28,3993
Norma,Bargery,22,3998
Adella,Cotillard,43,2925
Alia,Rembrandt,36,3652
Olimpia,Bodell,49,1902
Aurelie,Winser,20,2040
Florella,Marczyk,48,3852
Codie,Guidera,20,4467
Lynnea,Grayley,33,2777
Mag,Becket,36,1709
Jan,Lace,54,2689
Pembroke,Foggarty,37,2013
Livvie,Westhead,56,2575
Maurene,Diem,40,3836
Devora,Drinkeld,51,3879
Inger,Gluyas,28,4378
Bekki,Tallowin,39,2944
Cathrin,Chettle,42,2737
Cecelia,Ruffler,28,1999
Karine,Pawel,41,2814
Gwendolyn,McLoney,43,1944
Lorianne,Sheldrake,22,2110
Xena,Riping,64,2869
Saraann,Churchward,41,3457
Jerrilyn,Hicklingbottom,45,3959
Wash,Eckh,51,2414
Wenona,Vater,37,2771
Donnie,Persey,28,3654
Aigneis,Werrit,54,3201
Cecilia,Jowle,28,2715
Elisabeth,Grimsell,40,3685
Jennilee,Pulford,44,3923
Ev,Boraston,63,3579
Lemar,Worswick,20,2436
Staffard,Bulled,61,2011
Saraann,Pearmain,52,4173
Flynn,Zuker,31,2297
Bertie,Penketh,22,2665
Marchall,Jelk,41,4114
Lisbeth,Colwill,38,3483
Ollie,Andriveau,36,2039
Leah,Hailston,54,1855
Lesli,Mayor,51,3138
Bili,Sherlaw,35,2134
Merrill,Charleston,46,2612
Johnath,Haggish,46,2478
Oran,Sawbridge,45,3655
Isobel,Braisher,63,4440
Rivalee,Pasmore,26,2604
Olimpia,Slipper,19,4247
Dean,Leroy,47,3618
Daryl,Bohlens,32,1682
Huey,Torrese,60,4400
Glynda,Dougherty,52,3015
Eimile,Shevlin,50,3079
Ettore,Ostrich,42,4029
Clevie,Tokell,27,2798
Dayna,Delmage,57,4131
Rahel,Picopp,41,3022
Keith,Jacklings,49,1986
Roman,Hymans,64,4197
Karlotta,Pinard,47,2758
Twyla,Duddridge,56,2338
Alastair,Seamer,39,3186
Hyacinth,Klimczak,55,1710
Raquel,Snarie,24,3169
Horacio,Roscow,40,2404
Rosalinda,Mackerness,40,3832
Eddie,Tuffell,45,3886
Roderich,Jonsson,37,3238
Yasmeen,Curphey,37,4032
Saunder,Latliff,20,3904
Orelle,McMains,32,3278
Gallagher,Bedin,22,2267
Alica,Caulfield,29,3347