name;phone_number;email
Stevan Vlajic;424832493;stevanvlajic5@gmail.com
John Smith;123456789;johnsmith@example.com
Michael Johnson;987654321;michaeljohnson@example.com
Sarah Davis;456789012;sarahdavis@example.com
William Brown;345678901;williambrown@example.com
Jennifer Lee;234567890;jenniferlee@example.com
Christopher Wilson;678901234;christopherwilson@example.com
Jessica Moore;890123456;jessicamoore@example.com
Robert Taylor;567890123;roberttaylor@example.com
Emily Anderson;432109876;emilyanderson@example.com
David Thomas;219876543;davidthomas@example.com
Amanda Jones;543210987;amandajones@example.com
Matthew Jackson;321098765;matthewjackson@example.com
Elizabeth Garcia;654321098;elizabethgarcia@example.com
Daniel Martinez;789012345;danielmartinez@example.com
Samantha Hernandez;210987654;samanthahernandez@example.com
Joseph Perez;654789012;josephperez@example.com
Ashley Gonzalez;987123456;ashleygonzalez@example.com
Andrew Rodriguez;321456789;andrewrodriguez@example.com
Lauren Martinez;654321789;laurenmartinez@example.com
Joshua Hernandez;789012345;joshuahernandez@example.com
Stephanie Smith;345678901;stephaniesmith@example.com
Kevin Garcia;890123456;kevingarcia@example.com
Megan Johnson;234567890;meganjohnson@example.com
Benjamin Brown;678901234;benjaminbrown@example.com
Melissa Davis;901234567;melissadavis@example.com
Nicholas Lee;456789012;nicholaslee@example.com
Rachel Wilson;123456789;rachelwilson@example.com
Jacob Anderson;890123456;jacobanderson@example.com
Olivia Perez;567890123;oliviaperez@example.com
Tyler Hernandez;987654321;tylerhernandez@example.com
Grace Jackson;321098765;gracejackson@example.com
Ryan Thomas;654321098;ryanthomas@example.com
Hannah Garcia;210987654;hannahgarcia@example.com
Ethan Martinez;543210987;ethanmartinez@example.com
Isabella Hernandez;876543210;isabellahernandez@example.com
David Brown;789012345;davidbrown@example.com
Victoria Smith;654789012;victoriasmith@example.com